Date,MFM
2010-07-01,-0.4017699115044246
2010-07-02,-0.7767653758542145
2010-07-06,-0.8657074340527577
2010-07-07,-0.006060606060605392
2010-07-08,0.9384615384615385
2010-07-09,0.25925925925925863
2010-07-12,-0.9065420560747642
2010-07-13,0.42528735632183906
2010-07-14,0.7405857740585764
2010-07-15,-0.2879999999999985
2010-07-16,-0.055999999999997385
2010-07-19,0.48872180451127445
2010-07-20,-0.7222222222222234
2010-07-21,0.02857142857142703
2010-07-22,0.4318181818181843
2010-07-23,-0.07999999999999964
2010-07-26,0.08333333333333888
2010-07-27,-0.3695652173912971
2010-07-28,0.07692307692308042
2010-07-29,-0.20454545454545203
2010-07-30,-0.12359550561797893
2010-08-02,0.8437500000000034
2010-08-03,1.0
2010-08-04,-0.3834586466165425
2010-08-05,-0.4666666666666659
2010-08-06,-0.7812499999999966
2010-08-09,-0.4339622641509464
2010-08-10,-0.4939759036144558
2010-08-11,-0.902912621359221
2010-08-12,-0.17647058823529668
2010-08-13,0.6708860759493694
2010-08-16,0.9259259259259256
2010-08-17,0.19354838709677777
2010-08-18,-0.6565656565656585
2010-08-20,0.966666666666663
2010-08-23,0.6258992805755367
2010-08-24,-0.34210526315789763
2010-08-25,0.8873239436619716
2010-08-26,-0.5522388059701466
2010-08-27,0.08108108108107784
2010-08-30,-0.10344827586206896
2010-08-31,-0.34782608695652656
2010-09-02,0.6129032258064464
2010-09-03,0.21875000000000347
2010-09-07,-0.8400000000000007
2010-09-08,0.7142857142856962
2010-09-09,-0.8888888888888765
2010-09-10,-0.29914529914530036
2010-09-13,0.10000000000001111
2010-09-15,0.9669421487603269
2010-09-16,-0.9137931034482776
2010-09-17,-0.434210526315788
2010-09-20,0.5126050420168072
2010-09-21,-0.7727272727272766
2010-09-23,-0.8124999999999993
2010-09-27,0.2631578947368421
2010-09-28,0.7534246575342493
2010-09-29,0.8888888888888911
2010-09-30,-0.7755102040816344
2010-10-01,0.3181818181818131
2010-10-04,0.5862068965517298
2010-10-05,-0.18518518518518032
2010-10-06,-0.7021276595744721
2010-10-07,-0.39999999999998226
2010-10-08,-0.8
2010-10-11,-0.460317460317461
2010-10-12,0.6799999999999986
2010-10-13,-0.265306122448987
2010-10-14,0.11111111111111267
2010-10-15,-0.10769230769230959
2010-10-18,-0.9523809523809368
2010-10-19,-0.7560975609756145
2010-10-20,0.8769230769230767
2010-10-21,0.20000000000000356
2010-10-22,-0.10526315789473746
2010-10-25,-0.03999999999999573
2010-10-26,0.25000000000000244
2010-10-28,-0.14814814814814053
2010-10-29,0.9750000000000028
2010-11-01,-0.861111111111108
2010-11-02,-0.5180722891566272
2010-11-03,-0.0895522388059703
2010-11-04,0.7295597484276749
2010-11-05,0.15200000000000102
2010-11-08,0.9587628865979426
2010-11-09,-0.2926829268292656
2010-11-10,0.7939189189189192
2010-11-11,-0.19774011299435354
2010-11-12,0.4567901234567912
2010-11-16,-0.16107382550335583
2010-11-17,-0.17757009345794722
2010-11-18,0.06593406593406602
2010-11-19,0.5449101796407203
2010-11-22,0.9487179487179453
2010-11-23,0.363896848137535
2010-11-24,0.3902439024390271
2010-11-26,-0.08800000000000097
2010-11-29,-0.23664122137404855
2010-12-01,-0.3939393939393943
2010-12-02,-0.25806451612903386
2010-12-03,-0.10144927536232061
2010-12-06,-0.2063492063492047
2010-12-07,0.28510638297872376
2010-12-08,0.7525773195876286
2010-12-09,-0.25233644859812854
2010-12-10,-0.5642458100558638
2010-12-13,-0.7810218978102171
2010-12-14,-0.4144486692015186
2010-12-15,0.48611111111111105
2010-12-16,0.8412698412698381
2010-12-17,0.5662650602409675
2010-12-20,-0.053763440860213924
2010-12-21,0.12244897959183645
2010-12-22,0.6034482758620671
2010-12-23,-0.8671875000000009
2010-12-27,-0.7215909090909072
2010-12-28,0.6114285714285732
2010-12-30,-0.8421052631578947
2010-12-31,-0.6533333333333368
2011-01-03,0.3090909090909065
2011-01-04,0.39784946236559066
2011-01-05,0.8028169014084466
2011-01-06,0.7983193277310918
2011-01-07,-6.530723674265621e-15
2011-01-10,0.26984126984127654
2011-01-11,-0.9553072625698323
2011-01-12,0.0
2011-01-13,-0.8518518518518571
2011-01-14,-0.7113402061855622
2011-01-18,1.0
2011-01-19,-0.6744186046511628
2011-01-20,-0.7596153846153851
2011-01-21,-0.2500000000000025
2011-01-24,0.5949367088607589
2011-01-25,0.5172413793103455
2011-01-26,0.6666666666666685
2011-01-27,0.4181818181818194
2011-01-31,0.9354838709677489
2011-02-01,-0.3781512605042018
2011-02-03,0.2799999999999981
2011-02-07,0.0
2011-02-08,0.3244444444444441
2011-02-09,-0.39568345323740733
2011-02-10,-0.012048192771083047
2011-02-11,-0.2345679012345641
2011-02-14,-0.9449541284403731
2011-02-15,-0.08196721311475912
2011-02-16,0.7473684210526312
2011-02-17,-0.9484536082474238
2011-02-18,-0.1698113207547138
2011-02-22,-0.8524590163934441
2011-02-23,0.035971223021578826
2011-02-24,0.9074074074074094
2011-02-25,0.5862068965517302
2011-02-28,0.2999999999999889
2011-03-02,0.054545454545456895
2011-03-03,-0.17808219178082674
2011-03-04,0.933884297520661
2011-03-07,-0.3142857142857121
2011-03-08,0.3750000000000046
2011-03-09,0.24999999999999692
2011-03-10,-0.2631578947368495
2011-03-11,0.5000000000000031
2011-03-14,-0.8749999999999917
2011-03-15,0.982758620689657
2011-03-16,-0.5357142857142897
2011-03-17,-0.5696202531645491
2011-03-21,-0.254901960784311
2011-03-22,-0.5581395348837276
2011-03-23,0.7600000000000078
2011-03-24,0.7500000000000056
2011-03-25,0.1666666666666642
2011-03-29,0.7974683544303789
2011-03-30,-0.05405405405405422
2011-03-31,0.13122171945701314
2011-04-01,-0.8881987577639765
2011-04-04,-0.32203389830508433
2011-04-05,0.5419847328244245
2011-04-06,0.14049586776859424
2011-04-07,0.06040268456376067
2011-04-08,-0.7903225806451624
2011-04-11,-0.6688741721854263
2011-04-12,-0.23076923076923528
2011-04-13,-0.7272727272727273
2011-04-14,0.7407407407407366
2011-04-15,-0.5584415584415607
2011-04-18,0.06349206349206712
2011-04-19,0.6721311475409902
2011-04-20,0.13924050632912074
2011-04-21,0.6546762589928049
2011-04-25,0.105263157894731
2011-04-26,0.3191489361702144
2011-04-27,0.23287671232877064
2011-04-28,0.9381443298969049
2011-04-29,-0.2000000000000079
2011-05-02,0.05405405405406022
2011-05-03,-0.1685393258426981
2011-05-04,0.5039999999999978
2011-05-05,-0.5748031496062979
2011-05-06,-0.07407407407406996
2011-05-09,0.8434782608695667
2011-05-10,-0.19230769230768804
2011-05-11,-0.7826086956521784
2011-05-12,0.8715596330275208
2011-05-13,-0.43820224719101303
2011-05-16,-0.9305555555555509
2011-05-17,-0.625
2011-05-18,0.7473684210526307
2011-05-19,0.7391304347826081
2011-05-20,0.3333333333333397
2011-05-24,-0.7333333333333327
2011-05-25,0.9788732394366221
2011-05-27,0.7176470588235291
2011-05-31,0.6164383561643769
2011-06-01,-0.8372093023255835
2011-06-02,-0.38271604938271797
2011-06-03,-0.37000000000000194
2011-06-06,-0.5294117647058815
2011-06-07,-0.8053097345132721
2011-06-08,-0.8734177215189843
2011-06-09,0.04
2011-06-10,0.07368421052631688
2011-06-13,0.10000000000000223
2011-06-14,-0.8644067796610172
2011-06-17,-0.5384615384615384
2011-06-20,0.06250000000000232
2011-06-21,0.76878612716763
2011-06-23,0.9867549668874187
2011-06-24,-0.12676056338027994
2011-06-27,-0.6907216494845334
2011-06-29,-0.5686274509803869
2011-06-30,0.5698924731182791
2011-07-01,-0.44999999999999446
2011-07-05,0.06172839506173259
2011-07-06,0.3898305084745699
2011-07-07,0.4545454545454529
2011-07-08,-0.6615384615384644
2011-07-12,-0.6880733944954064
2011-07-13,0.30973451327433366
2011-07-14,-0.5789473684210518
2011-07-15,-0.16279069767442245
2011-07-18,0.4634146341463375
2011-07-19,0.22807017543860278
2011-07-20,-0.32575757575757325
2011-07-21,0.13207547169811557
2011-07-26,-0.9250000000000079
2011-07-28,0.2475247524752511
2011-08-01,0.4545454545454451
2011-08-02,-0.9274611398963719
2011-08-03,0.15436241610738638
2011-08-04,-0.9279279279279279
2011-08-08,-0.19402985074627063
2011-08-09,0.5542857142857122
2011-08-10,-0.7900552486187832
2011-08-11,0.4857142857142822
2011-08-12,0.06741573033707624
2011-08-15,-0.26829268292682185
2011-08-16,-0.23943661971831567
2011-08-17,-0.4385964912280691
2011-08-18,-0.0595238095238082
2011-08-19,-0.7297297297297315
2011-08-22,-0.7452830188679271
2011-08-23,0.8136645962732905
2011-08-24,0.8909090909090948
2011-08-25,-0.5670103092783523
2011-08-26,0.765957446808513
2011-08-29,0.6626506024096426
2011-08-30,0.5882352941176536
2011-08-31,-0.2459016393442573
2011-09-01,-0.6893203883495149
2011-09-02,-0.4045801526717545
2011-09-06,0.4285714285714314
2011-09-07,0.5555555555555556
2011-09-08,-0.11999999999999242
2011-09-09,-0.17647058823529155
2011-09-12,-5.163828021512364e-15
2011-09-13,0.9703703703703671
2011-09-14,0.04761904761905084
2011-09-15,0.6333333333333444
2011-09-16,0.9407407407407408
2011-09-19,0.9597989949748743
2011-09-20,-0.2688172043010792
2011-09-21,-0.759999999999998
2011-09-22,0.21951219512195191
2011-09-23,0.6220472440944872
2011-09-26,-0.23456790123456958
2011-09-27,-0.1267605633802772
2011-09-28,-0.9195979899497486
2011-09-29,-0.4977973568281941
2011-09-30,0.28571428571428664
2011-10-04,0.05035971223021675
2011-10-05,0.6224899598393564
2011-10-07,0.21290322580645135
2011-10-11,0.5294117647058824
2011-10-12,0.4999999999999972
2011-10-13,-0.029126213592234183
2011-10-14,0.22480620155039038
2011-10-18,0.8953488372093036
2011-10-19,-0.2894736842105234
2011-10-20,0.4468085106382987
2011-10-21,0.5813953488372072
2011-10-24,0.4035087719298273
2011-10-25,-0.1509433962264106
2011-10-26,0.1958762886597906
2011-10-27,0.547619047619045
2011-10-28,0.8693467336683426
2011-10-31,0.6315789473684152
2011-11-01,0.9130434782608695
2011-11-02,-0.0891089108910925
2011-11-04,0.9047619047619012
2011-11-07,-0.16800000000000637
2011-11-08,0.75
2011-11-09,-0.025210084033610622
2011-11-11,0.5623409669211183
2011-11-14,0.30434782608695654
2011-11-15,0.4371257485029916
2011-11-16,0.9250000000000028
2011-11-17,-0.42690058479532333
2011-11-18,-0.9235668789808945
2011-11-21,0.021582733812950422
2011-11-23,-0.5
2011-11-28,0.020408163265303904
2011-11-29,-0.8333333333333334
2011-11-30,0.4647887323943639
2011-12-01,-0.3830845771144297
2011-12-02,0.3953488372093001
2011-12-05,0.26114649681528895
2011-12-06,0.7684210526315769
2011-12-07,-0.2844036697247679
2011-12-08,0.2549019607843137
2011-12-09,0.8095238095238095
2011-12-13,-0.465346534653467
2011-12-14,-0.36904761904761507
2011-12-15,-0.047619047619042384
2011-12-16,-0.9578947368421098
2011-12-19,-0.32743362831858736
2011-12-20,-0.5068493150684893
2011-12-22,0.25333333333333447
2011-12-23,0.5833333333333426
2011-12-27,0.6460176991150518
2011-12-28,-0.21666666666666481
2011-12-29,-0.5443037974683494
2011-12-30,-0.15068493150685716
2012-01-03,-0.5351351351351384
2012-01-04,-0.6410256410256426
2012-01-06,-0.27536231884058177
2012-01-09,0.6496350364963501
2012-01-10,0.45098039215686786
2012-01-11,0.7222222222222202
2012-01-13,-0.9488054607508528
2012-01-17,-0.5913978494623627
2012-01-18,0.7777777777777747
2012-01-19,-0.734513274336281
2012-01-20,-0.3333333333333333
2012-01-24,0.5806451612903246
2012-01-25,0.9166666666666666
2012-01-27,0.36065573770491505
2012-01-30,0.9259259259259256
2012-01-31,-0.6460176991150439
2012-02-01,0.6571428571428582
2012-02-02,0.007874015748030615
2012-02-03,0.6666666666666707
2012-02-06,0.7647058823529461
2012-02-07,0.5918367346938784
2012-02-08,0.7777777777777778
2012-02-09,0.5646258503401363
2012-02-10,0.03703703703703663
2012-02-13,0.017241379310346742
2012-02-14,0.48117154811715596
2012-02-15,0.24299065420560773
2012-02-16,0.664974619289341
2012-02-17,1.0
2012-02-21,0.30188679245283373
2012-02-22,0.5495495495495512
2012-02-23,0.3758865248226945
2012-02-24,-0.23199999999999932
2012-02-27,0.24000000000000443
2012-02-28,0.007874015748027145
2012-02-29,-0.4489795918367312
2012-03-01,0.8487394957983139
2012-03-02,-0.16455696202532044
2012-03-05,-0.34042553191489916
2012-03-06,0.48484848484848647
2012-03-07,0.04999999999999445
2012-03-08,-0.8666666666666627
2012-03-12,0.6686390532544376
2012-03-13,0.08256880733945268
2012-03-15,-0.37142857142857577
2012-03-19,0.1282051282051314
2012-03-20,0.23809523809523944
2012-03-21,0.5714285714285796
2012-03-22,-0.7647058823529461
2012-03-23,0.25675675675675524
2012-03-26,0.5475409836065579
2012-03-27,-0.3767123287671225
2012-03-28,0.11278195488722231
2012-03-30,-0.11111111111110955
2012-04-02,-0.9305555555555571
2012-04-03,0.48888888888889137
2012-04-04,-0.22499999999999723
2012-04-05,-0.8640776699029106
2012-04-09,-0.9159663865546235
2012-04-10,-0.5885714285714277
2012-04-11,0.6875
2012-04-12,-0.3333333333333333
2012-04-13,0.24369747899159638
2012-04-16,-0.8012422360248446
2012-04-18,0.8524590163934441
2012-04-19,0.4193548387096743
2012-04-20,-0.4430379746835507
2012-04-24,0.366666666666663
2012-04-25,0.8260869565217391
2012-04-30,0.4102564102564171
2012-05-03,-0.6470588235294124
2012-05-04,-0.18867924528302346
2012-05-07,0.7731958762886573
2012-05-08,-0.5119047619047605
2012-05-09,-0.4059405940594097
2012-05-10,-0.5087719298245643
2012-05-11,-0.8593750000000012
2012-05-14,-0.9903846153846164
2012-05-15,-0.7586206896551734
2012-05-16,-0.5384615384615342
2012-05-17,-0.5741935483870928
2012-05-18,-0.10429447852760934
2012-05-21,0.5420560747663515
2012-05-22,0.19402985074627063
2012-05-23,0.9612903225806436
2012-05-24,-0.24358974358974217
2012-05-29,0.75
2012-05-30,-0.7118644067796623
2012-05-31,-0.025974025974023127
2012-06-01,-0.4428571428571413
2012-06-04,0.18461538461538088
2012-06-05,-0.15662650602409484
2012-06-06,0.6488549618320653
2012-06-07,-0.8431372549019611
2012-06-08,0.892156862745097
2012-06-11,-0.8431372549019608
2012-06-12,0.6504854368932086
2012-06-13,-0.4871794871794905
2012-06-14,-0.24137931034482743
2012-06-15,0.9298245614035089
2012-06-19,0.017241379310346742
2012-06-20,-0.11627906976744282
2012-06-21,-0.7131147540983629
2012-06-25,-0.47445255474452513
2012-06-26,-0.5416666666666621
2012-06-27,-0.1136363636363611
2012-06-28,0.06040268456376067
2012-07-02,-0.7391304347826099
2012-07-03,-0.13333333333334074
2012-07-05,-0.011494252873556881
2012-07-06,-0.5913978494623627
2012-07-09,0.41379310344827747
2012-07-10,-0.5220125786163553
2012-07-11,0.4925373134328267
2012-07-12,0.7194570135746595
2012-07-13,0.8089171974522278
2012-07-16,0.9619047619047618
2012-07-17,-0.3144876325088339
2012-07-19,-0.5855855855855904
2012-07-20,0.07999999999999556
2012-07-23,-0.8823529411764706
2012-07-25,-0.67479674796748
2012-07-26,-0.5847457627118616
2012-07-27,0.8076923076923063
2012-07-30,-0.9078947368421066
2012-07-31,-0.774193548387094
2012-08-01,-0.7755102040816344
2012-08-02,-0.12781954887218305
2012-08-03,0.308641975308641
2012-08-06,0.252173913043477
2012-08-07,0.45833333333333326
2012-08-08,-0.2907801418439742
2012-08-09,-0.3563218390804606
2012-08-10,1.0
2012-08-13,0.8818181818181826
2012-08-14,-0.8324607329842929
2012-08-16,0.7977528089887563
2012-08-17,-0.9178082191780912
2012-08-20,-0.364341085271319
2012-08-21,-0.7799999999999978
2012-08-23,0.8
2012-08-24,-0.7831325301204742
2012-08-27,-0.8039215686274552
2012-08-28,3.2180377525366774e-15
2012-08-29,0.25806451612904036
2012-08-30,-0.03124999999999653
2012-08-31,0.0
2012-09-04,-0.5596330275229353
2012-09-05,-0.6231884057971041
2012-09-06,0.29999999999999777
2012-09-07,0.5887850467289748
2012-09-10,-0.9317073170731696
2012-09-11,0.05263157894736289
2012-09-12,0.23076923076922726
2012-09-14,0.4800000000000044
2012-09-17,0.6220472440944885
2012-09-18,0.08196721311475243
2012-09-19,-0.7249999999999972
2012-09-21,-0.5076923076923114
2012-09-24,0.5460122699386465
2012-09-25,-0.8666666666666676
2012-09-26,-0.8695652173913085
2012-09-27,0.8936170212765984
2012-09-28,0.046874999999998425
2012-10-01,-0.6404494382022468
2012-10-02,0.7977528089887663
2012-10-03,-0.8309859154929518
2012-10-05,-0.6283185840707981
2012-10-09,-0.7241379310344817
2012-10-10,0.09859154929577042
2012-10-12,-0.7723577235772396
2012-10-15,-0.21008403361344424
2012-10-16,0.9199999999999972
2012-10-17,0.9615384615384658
2012-10-18,-0.5702479338843008
2012-10-19,-0.02222222222221981
2012-10-22,0.5312500000000071
2012-10-25,-0.6000000000000152
2012-10-26,-0.07692307692307429
2012-10-31,0.5510204081632688
2012-11-01,0.6279069767441857
2012-11-02,-0.26000000000000223
2012-11-05,0.9288888888888889
2012-11-06,0.9200000000000017
2012-11-07,0.17741935483870788
2012-11-08,-0.21276595744681273
2012-11-09,-0.12962962962962757
2012-11-12,0.44444444444444875
2012-11-13,0.3906249999999983
2012-11-14,-0.6086956521739179
2012-11-15,-0.3191489361702144
2012-11-19,0.5319148936170162
2012-11-20,0.8319327731092401
2012-11-21,-0.6949152542372913
2012-11-23,-0.23893805309734242
2012-11-26,0.9117647058823497
2012-11-27,0.10526315789473314
2012-11-28,0.10924369747899264
2012-11-30,0.275590551181104
2012-12-03,0.49333333333333557
2012-12-05,-0.5737704918032815
2012-12-06,-0.3846153846153836
2012-12-07,0.0
2012-12-10,0.25806451612902603
2012-12-11,0.5769230769230794
2012-12-12,-0.2705882352941245
2012-12-13,-0.3254901960784288
2012-12-14,-0.45679012345679487
2012-12-17,0.7333333333333278
2012-12-18,-0.1851851851851868
2012-12-19,-0.756756756756759
2012-12-20,0.027027027027029946
2012-12-21,0.42372881355932257
2012-12-24,0.8249999999999972
2012-12-26,-0.8200000000000022
2012-12-27,0.516483516483522
2012-12-28,-0.3650793650793662
2013-01-02,0.756756756756759
2013-01-03,-0.942857142857149
2013-01-04,0.09090909090909091
2013-01-07,-0.02222222222221981
2013-01-08,-0.1798561151079159
2013-01-09,-0.3924050632911401
2013-01-10,-0.5081967213114709
2013-01-11,-0.17098445595854875
2013-01-14,0.5471698113207538
2013-01-15,0.40170940170940683
2013-01-17,-0.010752688172037055
2013-01-18,0.4583333333333287
2013-01-22,0.4418604651162786
2013-01-23,0.625
2013-01-24,0.2234042553191483
2013-01-25,-0.513513513513518
2013-01-28,0.26486486486486444
2013-01-29,0.2519083969465647
2013-01-30,-0.6842105263157927
2013-02-01,0.5454545454545454
2013-02-04,-0.6385542168674677
2013-02-05,-0.07216494845360456
2013-02-06,0.704697986577178
2013-02-08,-0.7674418604651209
2013-02-11,0.1151515151515159
2013-02-12,-0.24050632911392297
2013-02-13,-0.1578947368421023
2013-02-14,-0.7777777777777851
2013-02-15,-0.8846153846153804
2013-02-19,0.989898989898991
2013-02-20,-0.8655462184873945
2013-02-21,-0.5649122807017551
2013-02-25,-0.9668049792531119
2013-02-26,0.08620689655172606
2013-02-27,0.38613861386138326
2013-02-28,-0.46820809248554623
2013-03-01,-0.0361445783132543
2013-03-04,0.557522123893799
2013-03-05,0.5221238938053073
2013-03-06,0.5824175824175882
2013-03-07,0.5254237288135565
2013-03-08,0.06730769230769139
2013-03-13,-0.49999999999999023
2013-03-14,-0.925233644859813
2013-03-15,-0.8888888888888888
2013-03-18,-0.5964912280701727
2013-03-19,-0.575757575757581
2013-03-20,0.7362637362637365
2013-03-22,0.3999999999999926
2013-03-25,-0.13142857142856978
2013-03-26,-0.2857142857142857
2013-03-27,0.5887850467289683
2013-03-28,-0.4285714285714182
2013-04-01,-0.10441767068273186
2013-04-02,-0.16582914572864071
2013-04-03,-0.453987730061348
2013-04-04,0.6666666666666646
2013-04-05,0.15999999999999384
2013-04-08,-0.38461538461538464
2013-04-09,-0.7733333333333398
2013-04-10,0.7857142857142898
2013-04-11,0.3142857142857143
2013-04-12,-0.3301435406698554
2013-04-15,0.2248062015503877
2013-04-16,0.5067264573991054
2013-04-17,0.2907801418439742
2013-04-18,0.4298642533936679
2013-04-19,-0.4590747330960829
2013-04-22,0.991836734693882
2013-04-23,-0.6902654867256625
2013-04-24,0.4009661835748787
2013-04-25,0.5789473684210531
2013-04-26,-0.6282051282051285
2013-04-30,-0.895927601809956
2013-05-01,-0.8127090301003316
2013-05-02,-0.4777070063694335
2013-05-03,-0.9492385786802041
2013-05-06,0.9230769230769231
2013-05-07,-0.8924137931034467
2013-05-08,-0.9357429718875503
2013-05-09,-0.054635761589403094
2013-05-10,0.2782973283841158
2013-05-13,0.9548011299435026
2013-05-15,0.5347785260995016
2013-05-16,0.13249369085173598
2013-05-17,0.15273631123919124
2013-05-20,-0.3229948320413406
2013-05-21,-0.019107238967344627
2013-05-22,-0.36263677897140983
2013-05-23,0.9437760479679197
2013-05-24,0.7075630252100852
2013-05-28,0.9196172633410226
2013-05-29,-0.2918228642066468
2013-05-30,-0.10071996359714429
2013-05-31,-0.9931113662456943
2013-06-04,0.2139303482587076
2013-06-05,0.41309109090919316
2013-06-06,0.0769217825459377
2013-06-07,0.7225822580645165
2013-06-11,-0.8185747099625169
2013-06-12,-0.16279158267274615
2013-06-13,0.47115207794221314
2013-06-14,-0.39185048299296776
2013-06-17,-0.4366176949046557
2013-06-18,0.7531359832635991
2013-06-19,0.14592489270386427
2013-06-25,0.01369727903736929
2013-06-26,0.9065389408099731
2013-06-27,0.5145649448603745
2013-06-28,-0.5238067329547018
2013-07-01,0.8631091281269576
2013-07-02,-0.27386697965571505
2013-07-05,0.9170306582634731
2013-07-08,0.6607147906029887
2013-07-09,-0.09676993661281498
2013-07-10,0.20325041311060382
2013-07-11,0.7433158511820164
2013-07-12,0.9852652069381149
2013-07-16,-0.8159832239791728
2013-07-17,0.8399532242854039
2013-07-18,-0.12977099236641093
2013-07-19,0.5693074637283883
2013-07-23,-0.5080213903743366
2013-07-25,0.7017503270281474
2013-07-29,0.7893270992465572
2013-07-30,-0.23523052375430983
2013-08-01,0.5012866290832186
2013-08-02,0.8922413793103506
2013-08-05,0.9198474047257625
2013-08-06,-0.5464346150814126
2013-08-07,-0.6100091814437858
2013-08-09,-0.25531994114899476
2013-08-12,0.26153846153845933
2013-08-13,-0.6363621184024896
2013-08-14,-0.6141396274960446
2013-08-15,0.08604714305066491
2013-08-16,-0.29931972789115924
2013-08-19,-0.090109890109887
2013-08-20,0.856118446256205
2013-08-21,-0.20689408866995138
2013-08-22,0.9186295503212023
2013-08-23,0.8739738862834823
2013-08-26,-0.3772523048048225
2013-08-27,0.5439513018798083
2013-08-28,-0.2242422258949606
2013-08-29,0.35496755725190676
2013-08-30,0.9199999238094482
2013-09-03,-0.30411238881015307
2013-09-05,0.03384477159124414
2013-09-06,-0.19999560439559363
2013-09-09,-0.26878419234692136
2013-09-10,0.6710308071100368
2013-09-11,-0.5181988261728868
2013-09-12,0.4143983999999932
2013-09-13,0.6057097454985111
2013-09-16,-0.7079920000000044
2013-09-17,0.13438478572564547
2013-09-18,0.24307002132302027
2013-09-19,0.5522370500438992
2013-09-20,0.3287487328043155
2013-09-23,-0.04420669056152936
2013-09-24,0.28043737286269255
2013-09-25,0.6344862068965508
2013-09-26,0.48894286110916707
2013-09-27,0.8432972303149934
2013-10-01,0.5802000168941811
2013-10-02,-0.32440819367260854
2013-10-03,-0.09153114496907974
2013-10-04,0.9531055374527956
2013-10-07,-0.13137759340588365
2013-10-09,0.0793186958349154
2013-10-10,0.06930351600079801
2013-10-11,0.8541409147095155
2013-10-14,0.33413093907897196
2013-10-15,-0.7290616641577402
2013-10-17,-0.049867650397581995
2013-10-18,-0.4883771633388989
2013-10-21,-0.7417280064568179
2013-10-22,-0.06940959725792385
2013-10-23,-0.25385709525853367
2013-10-24,0.7686366752356467
2013-10-25,-0.2571459369182237
2013-10-28,-0.8409637596167251
2013-10-29,0.8425710843373492
2013-10-30,-0.7791806300532385
2013-11-01,-0.35883912462578954
2013-11-04,0.9659820492149257
2013-11-05,0.08242403177756025
2013-11-06,-0.33101529902642607
2013-11-07,-0.4645077612128033
2013-11-08,0.3599021739130447
2013-11-11,0.8269242788461526
2013-11-12,-0.6197197067372602
2013-11-13,-0.2172477468924196
2013-11-14,0.10969722551448838
2013-11-15,-0.38889081790391106
2013-11-18,-0.7512631790603485
2013-11-19,0.40490869371610094
2013-11-20,-0.5113230035756844
2013-11-21,-0.1850207213428123
2013-11-22,0.43153468001522705
2013-11-25,-0.8050541516245536
2013-11-26,0.3293046385126306
2013-11-27,0.9973095558546462
2013-11-29,-0.8337977839335239
2013-12-02,-0.8961017316017331
2013-12-03,0.9640449438202234
2013-12-04,-0.5013695214859725
2013-12-05,-0.490906493506489
2013-12-06,-0.6575118396703067
2013-12-09,0.9732977481323449
2013-12-10,-0.2246256239600695
2013-12-11,-0.9101151685393286
2013-12-13,-0.852678571428574
2013-12-16,-0.1501164548308841
2013-12-17,0.47773797970037196
2013-12-18,-0.5463684616583563
2013-12-19,-0.5898746835443026
2013-12-23,-0.4780240082747363
2013-12-24,-0.3825250146116776
2013-12-26,-0.3477088948787046
2013-12-27,-0.863827659574466
2013-12-30,-0.16748522167487312
2013-12-31,-0.22026345843993414
2014-01-02,0.19730253178538615
2014-01-03,-0.4651762323450821
2014-01-06,-0.3178294573643405
2014-01-07,0.596116896973889
2014-01-08,0.02024394761533583
2014-01-09,-0.7933130699088108
2014-01-10,0.04360601503759616
2014-01-13,-0.6688444069474913
2014-01-14,0.9423608597075166
2014-01-15,-0.5992084900254238
2014-01-16,0.6640768620986164
2014-01-17,-0.21523925260882235
2014-01-21,0.8117269971242342
2014-01-22,0.3669113011792224
2014-01-23,0.8035685188202687
2014-01-24,-0.6920906474820158
2014-01-27,-0.2566242455050136
2014-01-28,0.849621553884712
2014-01-29,-0.29529984010094634
2014-01-30,0.5006438219795248
2014-01-31,-0.22563336072539064
2014-02-04,-0.06296863512709902
2014-02-05,-0.09884425542676276
2014-02-07,0.9715505383349339
2014-02-10,0.4509016269013616
2014-02-12,-0.49366899535569914
2014-02-13,0.3474118491211945
2014-02-18,0.008624981411669995
2014-02-19,-0.9552945258097277
2014-02-20,-0.17226193765317216
2014-02-21,-0.8288162839248406
2014-02-24,0.8585637450199155
2014-02-25,0.2715441834887497
2014-02-28,-0.5537968638712453
2014-03-03,0.8691464978551936
2014-03-04,-0.43933394607244813
2014-03-05,-0.668592810390764
2014-03-06,-0.13291730874701732
2014-03-07,-0.6551716210863855
2014-03-10,-0.19884495344366404
2014-03-11,-0.6746094286026526
2014-03-12,0.26662599145820703
2014-03-13,-0.2561341941764501
2014-03-14,-0.3851516155171738
2014-03-17,-0.06325365864491787
2014-03-19,-0.4203996141793405
2014-03-20,-0.47368796355169623
2014-03-21,-0.6804601374021418
2014-03-24,0.008659961451849954
2014-03-25,-0.4448092292997051
2014-03-26,-0.7137786666666683
2014-03-27,-0.1849039836264362
2014-03-28,-0.34884081485208396
2014-03-31,-0.6023171837038439
2014-04-01,0.7515668058455163
2014-04-02,0.9065404984423682
2014-04-03,-0.5047337980581197
2014-04-04,-0.8848419168160739
2014-04-07,-0.36800522615821263
2014-04-08,0.7954309831181725
2014-04-09,0.597887034242105
2014-04-11,0.23333259920678143
2014-04-14,-0.47540983606557163
2014-04-15,0.281229417195168
2014-04-16,0.8080676117775314
2014-04-17,-0.015834367642345627
2014-04-21,0.7016372520853481
2014-04-22,0.9036313522127442
2014-04-23,-0.7967164237334962
2014-04-24,-0.02916767795033893
2014-04-25,-0.5138102133645173
2014-04-28,0.20541865860848027
2014-04-29,0.9604122373441347
2014-04-30,0.9215101173765395
2014-05-01,-0.5102031751481562
2014-05-02,0.8140492025809903
2014-05-05,0.7644502532444087
2014-05-06,-0.9271786313203344
2014-05-07,-0.36679613899613595
2014-05-08,-0.9280482365412474
2014-05-12,0.3105298365661247
2014-05-13,0.7170258584511773
2014-05-14,0.10345211328204242
2014-05-15,-0.10598097826087145
2014-05-16,0.77777597737042
2014-05-19,0.767780504761256
2014-05-20,-0.2875368509500388
2014-05-22,0.4535560109289625
2014-05-27,0.2512169802681848
2014-05-28,0.32623170526290957
2014-05-29,0.05660365491896442
2014-05-30,-0.8071953727506425
2014-06-02,-0.21093828837128364
2014-06-03,-0.13124078092709993
2014-06-05,0.10679719106523067
2014-06-06,-0.45454946156875276
2014-06-09,-0.6165806419856382
2014-06-10,-0.7232509225092192
2014-06-11,0.8156542336448163
2014-06-13,0.8579616122840691
2014-06-16,0.9084768828713267
2014-06-17,0.39006982658012385
2014-06-18,-0.6422164579606441
2014-06-19,-0.8098710106751007
2014-06-20,0.3320216071363748
2014-06-23,0.67130903960494
2014-06-24,-0.830243819631132
2014-06-25,0.819425197572083
2014-06-26,-0.5508896181996346
2014-06-27,0.6581811966930804
2014-06-30,-0.6138397085610229
2014-07-01,-0.5696235646066669
2014-07-02,-0.6906938698210593
2014-07-03,0.3291109758088907
2014-07-07,-0.5181244766121936
2014-07-08,0.43497501122944526
2014-07-09,0.5369235421450815
2014-07-10,0.10679288025890003
2014-07-11,-0.7350025000000064
2014-07-16,-0.9147857676780964
2014-07-17,-0.4820129496402898
2014-07-18,0.5492443181818162
2014-07-21,0.17719931340311856
2014-07-22,-0.7756542056632418
2014-07-23,0.15037514133002552
2014-07-25,-0.302678249008858
2014-07-28,-0.3547160074773429
2014-07-29,-0.9127936046511722
2014-08-01,0.2643466366724497
2014-08-04,0.45228316202155594
2014-08-05,-0.23287397260273424
2014-08-06,0.612148753894079
2014-08-07,-0.13606340819022697
2014-08-11,-0.011444501461954302
2014-08-12,0.8811189850358563
2014-08-13,-0.767828609855586
2014-08-14,0.5015426934943817
2014-08-18,-0.9494034283644639
2014-08-19,0.3333333333333364
2014-08-20,-0.05575159646795299
2014-08-21,-0.6101075994722
2014-08-22,0.9216589861751016
2014-08-25,0.5883387978142182
2014-08-26,-0.9583357747491182
2014-08-27,0.49873987501281847
2014-08-28,0.5633775292649158
2014-08-29,-0.02450214531577058
2014-09-02,0.8545797922568497
2014-09-03,-0.7240515494323417
2014-09-04,0.023592580392540093
2014-09-08,0.2472812500000013
2014-09-09,-0.6513576576650855
2014-09-11,-0.45454781582438086
2014-09-12,-0.18367642270539503
2014-09-17,-0.2769229142007134
2014-09-18,-0.08536611392107546
2014-09-22,-0.05923877916779991
2014-09-23,0.2295479881227096
2014-09-25,-0.8081286681715578
2014-09-26,-0.7103844546023419
2014-09-29,0.06886639118456982
2014-09-30,-0.32005224432122065
2014-10-01,0.3095563480741813
2014-10-02,0.631226110363388
2014-10-06,0.20255863539445335
2014-10-07,0.3403158813263484
2014-10-08,0.29687402343749725
2014-10-09,-0.5314194203683021
2014-10-10,-0.680075771749298
2014-10-13,-0.600223719438674
2014-10-14,-0.1425548349763269
2014-10-15,0.8112634194354704
2014-10-16,0.3401102864555086
2014-10-20,0.43977027559527276
2014-10-21,0.9782178411959143
2014-10-22,-0.8418727365499706
2014-10-23,0.537377964226603
2014-10-24,0.22424032139418767
2014-10-27,-0.8097902762971025
2014-10-28,0.7761483500285625
2014-10-29,-0.16040856620429295
2014-10-30,0.3235275464913936
2014-10-31,0.3501128717244112
2014-11-04,-0.17526015871120917
2014-11-05,-0.9187433056324973
2014-11-06,0.39856954370533443
2014-11-07,0.0638314471073548
2014-11-10,0.6875030324860428
2014-11-12,0.041420179615653585
2014-11-13,-0.472726892563014
2014-11-14,0.9671497425844109
2014-11-17,-0.4383925501432697
2014-11-18,-0.022321428571439973
2014-11-19,-0.3184697452229271
2014-11-21,-0.8850123609685616
2014-11-24,0.7471296736642631
2014-11-25,0.1019296116672047
2014-11-26,0.5333365277844435
2014-11-28,-0.04077343018396972
2014-12-01,-0.6092118836508605
2014-12-03,0.8009507086475971
2014-12-04,-0.6957993527508128
2014-12-05,-0.5932659092088436
2014-12-08,-0.6773140266317764
2014-12-09,0.8751835530521728
2014-12-10,-0.5281166086640602
2014-12-11,-0.8194429301687015
2014-12-12,-0.3036197150829704
2014-12-15,-0.6157094079308575
2014-12-16,-0.4127565660388525
2014-12-17,0.8814279841843018
2014-12-18,0.9457830917041334
2014-12-19,0.6237288135593198
2014-12-24,0.8523081467441584
2014-12-26,0.8057117061261374
2014-12-29,-0.13111311053984062
2014-12-30,-0.6094126837348541
2014-12-31,-0.9067144216991023
2015-01-02,0.2112099987887911
2015-01-05,-0.37258779443254336
2015-01-06,0.41541670900064104
2015-01-07,-0.5320040000000006
2015-01-08,-0.6780945621300263
2015-01-09,-0.3227071395631722
2015-01-12,0.13410210507057213
2015-01-14,0.5078404373331231
2015-01-15,-0.34956460945285384
2015-01-16,0.4132204682029698
2015-01-20,0.38135734463276316
2015-01-21,0.5398026172301031
2015-01-22,0.5970169117125822
2015-01-23,0.14506465661058213
2015-01-26,0.45310700132100323
2015-01-27,0.13319147271826634
2015-01-28,-0.7610025157232734
2015-01-29,0.8354451476793209
2015-01-30,-0.7315372130456147
2015-02-03,0.5582415155173158
2015-02-04,-0.25214102564101176
2015-02-05,-0.5376695205479439
2015-02-06,-0.7507233690410345
2015-02-09,0.8484831649831638
2015-02-10,-0.5309100562001053
2015-02-11,0.4798917695095349
2015-02-12,0.957186587985128
2015-02-13,0.1259868327160442
2015-02-17,0.3571428571428523
2015-02-18,0.04200974508439024
2015-02-19,0.8319906973479264
2015-02-23,-0.82982308340354
2015-02-24,-0.1377477638640485
2015-02-25,-0.4824572753129997
2015-02-26,0.12063197329874688
2015-02-27,-0.8121770646557617
2015-03-02,-0.6005323572119512
2015-03-03,0.7235754841712552
2015-03-04,0.9698625519185052
2015-03-05,-0.8410596026490014
2015-03-06,-0.597673723635204
2015-03-09,-0.15705406343124614
2015-03-10,-0.07796857799272924
2015-03-11,0.05609477756287142
2015-03-12,-0.4382966772269683
2015-03-13,-0.38600469301815904
2015-03-16,0.9312602291325782
2015-03-17,-0.668762047918091
2015-03-18,0.9562405847630382
2015-03-19,-0.7773331126574959
2015-03-20,0.4599428189062472
2015-03-23,0.42574492697181726
2015-03-24,-0.024747586008866316
2015-03-25,-0.4567053594318502
2015-03-26,-0.7210179557780431
2015-03-27,-0.0874529389361081
2015-03-30,0.6784660287081363
2015-03-31,-0.8654149532710238
2015-04-01,-0.5071952000000011
2015-04-02,-0.3808018575851391
2015-04-06,0.0926824842353583
2015-04-08,-0.2842942345924466
2015-04-09,0.8682379570871606
2015-04-10,0.43395792099289837
2015-04-13,-0.6303783432088961
2015-04-14,-0.017537572008047883
2015-04-15,-0.17724946028338995
2015-04-16,-0.7152747998701232
2015-04-17,0.946754280338104
2015-04-20,-0.2899975000000065
2015-04-21,0.5838484722849763
2015-04-23,-0.33025250548208446
2015-04-24,-0.6989241916204266
2015-04-27,0.14029859122303923
2015-04-29,0.31335465034692844
2015-04-30,-0.7720218730711554
2015-05-04,-0.10761037744143992
2015-05-05,-0.2632601125746235
2015-05-06,-0.2886773705305127
2015-05-07,0.9210696230614094
2015-05-08,0.2356663556253381
2015-05-12,0.6053946078431376
2015-05-13,-0.6925600764959343
2015-05-14,0.5659319149286912
2015-05-15,0.8376827263168689
2015-05-18,0.410255654173921
2015-05-19,-0.591750936339232
2015-05-20,-0.06436410617879763
2015-05-21,0.5305169829612817
2015-05-22,0.5153216843406976
2015-05-26,-0.6509064066188873
2015-05-27,-0.04810500239873514
2015-05-28,0.8962965267484582
2015-05-29,-0.20349302833289903
2015-06-01,-0.04116338842204365
2015-06-02,0.32257424560848447
2015-06-03,0.06738400622101527
2015-06-04,-0.8830088453669362
2015-06-08,0.4170604265402829
2015-06-09,0.033337453697981426
2015-06-10,-0.20000218182214327
2015-06-12,-0.7046158390525642
2015-06-15,0.658442449295594
2015-06-16,0.8525368663594414
2015-06-17,0.3598054783563855
2015-06-18,0.08719925465007772
2015-06-19,0.30270352082031243
2015-06-22,-0.05855392735136273
2015-06-23,0.9300126140179432
2015-06-24,-0.2011013743763897
2015-06-25,0.14934878352469821
2015-06-26,-0.299039546750947
2015-06-29,-0.49714285714286377
2015-06-30,0.2312162075261609
2015-07-01,-0.4549212891431629
2015-07-02,0.4682722074307336
2015-07-06,0.2690168765764149
2015-07-07,-0.014553004467770473
2015-07-08,-0.7996902927580885
2015-07-09,-0.6331195342849528
2015-07-10,-0.4864801993052144
2015-07-13,0.8800014461549501
2015-07-14,0.8759106971617684
2015-07-16,0.7425739388291349
2015-07-17,0.7585692729766781
2015-07-20,0.3777455233038367
2015-07-21,-0.936692086330936
2015-07-22,0.6340335862666632
2015-07-23,-0.16631011480573557
2015-07-24,-0.5843776739035392
2015-07-27,-0.674486922842035
2015-07-29,-0.38200521733076914
2015-07-30,0.9378922752508042
2015-07-31,-0.5141485181673736
2015-08-03,-0.3941902429359341
2015-08-04,0.8949870614790004
2015-08-05,0.8358489791740472
2015-08-06,0.06038266409357494
2015-08-07,0.5430717502015405
2015-08-10,0.47109796727318615
2015-08-11,0.20575801876747407
2015-08-12,0.5448076421106985
2015-08-13,-0.07880706521739418
2015-08-14,-0.5519460648912857
2015-08-17,0.47368421052631576
2015-08-18,0.9377563012644853
2015-08-19,-0.9183001050622606
2015-08-20,-0.9557661577931758
2015-08-24,0.3115380922442437
2015-08-25,-0.8455007833195215
2015-08-26,0.4939953891057508
2015-08-27,0.7474887033796952
2015-08-28,0.39878400932792785
2015-09-01,-0.6323355481727589
2015-09-02,0.9530839216567433
2015-09-03,-0.8389858757062111
2015-09-04,0.2665564235035171
2015-09-08,0.612520547945214
2015-09-09,-0.794955957909166
2015-09-10,0.16882668722327168
2015-09-11,1.0
2015-09-15,0.5960827297362017
2015-09-16,0.8740009999999998
2015-09-17,-0.42619215424564194
2015-09-18,-0.012656645569622826
2015-09-21,0.06531422489354222
2015-09-22,0.495576324171338
2015-09-23,0.546671614809318
2015-09-24,0.9088424155281976
2015-09-25,-0.858736059479553
2015-09-28,-0.7238225630415169
2015-09-29,-0.7432545846817701
2015-09-30,0.20477176701204625
2015-10-01,-0.5162686752254368
2015-10-02,0.9796390056229471
2015-10-05,-0.2924687324594909
2015-10-06,0.5785242664755316
2015-10-08,0.14984165781084213
2015-10-09,-0.22462728785358202
2015-10-12,-0.9197928585889913
2015-10-14,-0.47463768115942145
2015-10-16,0.08804073587384915
2015-10-19,0.017712546125165023
2015-10-20,-0.17067766366121676
2015-10-21,-0.5707102472204739
2015-10-22,-0.2692903391414605
2015-10-23,-0.6344613127136898
2015-10-26,0.7891137662532024
2015-10-27,-0.4077150196637205
2015-10-28,0.8097085531151028
2015-10-29,-0.36333966771810433
2015-10-30,-0.2144677002584001
2015-11-02,0.5314673659673661
2015-11-03,-0.8206294315176146
2015-11-04,0.7055700965318935
2015-11-05,-0.04267258132892231
2015-11-06,0.4818620231373355
2015-11-09,-0.7649746543778849
2015-11-10,-0.8897652365285625
2015-11-11,0.8632510482923845
2015-11-12,-0.9116717849712737
2015-11-13,-0.7928916482933868
2015-11-16,0.8540325207325955
2015-11-18,0.9300225338727646
2015-11-20,0.1260936952714513
2015-11-23,0.3644430320956264
2015-11-24,0.0833357638868642
2015-11-25,0.7722497607655546
2015-11-27,0.7557216071358668
2015-12-01,0.7669091848267553
2015-12-02,-0.7937575432343107
2015-12-03,-0.2724841980077843
2015-12-04,-0.030303084319222483
2015-12-07,0.05063557522973644
2015-12-08,0.09565890360631225
2015-12-09,0.12094182960311563
2015-12-10,0.4144315315138799
2015-12-11,-0.9165753294588423
2015-12-14,0.22644894747846872
2015-12-16,0.9477018037443082
2015-12-17,-0.0993700613083254
2015-12-18,-0.6459949258622144
2015-12-21,-0.37684000000000384
2015-12-22,-0.9075102492626463
2015-12-23,-0.4097744360902255
2015-12-24,0.27222045524937694
2015-12-28,0.05900630280481282
2015-12-29,0.8702581825325513
2015-12-30,-0.3919596885181752
2015-12-31,-0.354332041665399
2016-01-04,-0.2875611570588412
2016-01-05,-0.004351239987288247
2016-01-06,0.5036873509672615
2016-01-07,-0.16981045053506452
2016-01-08,-0.9524281774269091
2016-01-11,-0.15283705116286034
2016-01-12,0.10557348423874266
2016-01-13,-0.9509881229202085
2016-01-14,0.5403130143462639
2016-01-15,0.9795409076348505
2016-01-19,-0.18679012014422755
2016-01-20,0.4855446233576141
2016-01-21,0.2058443432939649
2016-01-22,0.0880975086514888
2016-01-25,-0.8699585566208586
2016-01-26,0.046982155461020095
2016-01-27,-0.3858495421565103
2016-01-28,0.6437413014521426
2016-02-01,0.6923082886106137
2016-02-02,-0.6043452288595811
2016-02-03,-0.5203486629173902
2016-02-04,0.8553982202447131
2016-02-05,-0.3630402116908304
2016-02-08,-0.6430500641480119
2016-02-09,-0.23158985283088276
2016-02-10,-0.7082394966891509
2016-02-11,-0.5731857318573172
2016-02-12,0.10293012772351506
2016-02-16,-0.7601819910531642
2016-02-17,0.8957345971563943
2016-02-18,-0.511001521392718
2016-02-19,0.6352729105481772
2016-02-22,0.7417207505518769
2016-02-23,-0.12298066895610775
2016-02-24,0.9142341705685366
2016-02-25,0.8363369642169359
2016-02-26,0.5257135346949532
2016-02-29,-0.23983063089850823
2016-03-01,-0.4490569426844809
2016-03-02,0.9487179487179469
2016-03-03,0.7454529338836863
2016-03-04,0.08422664624808548
2016-03-07,0.282926537775018
2016-03-08,-0.8490548593822027
2016-03-09,0.8024288716886483
2016-03-10,-0.2852620560522572
2016-03-14,0.4835493962190826
2016-03-15,0.8313253012048224
2016-03-16,0.7661924460431604
2016-03-17,0.501176764013669
2016-03-18,0.457943925233646
2016-03-21,0.3606549986577859
2016-03-22,-0.47745060454945915
2016-03-23,-0.9133850734704405
2016-03-24,0.835852411807056
2016-03-28,0.07237199554332614
2016-03-29,0.36170070921985936
2016-03-30,-0.9133343962968886
2016-03-31,-0.2328773304775703
2016-04-01,-0.40750853242320667
2016-04-04,-0.20990755301152952
2016-04-05,0.8683586956521773
2016-04-06,0.6752975243885511
2016-04-07,-0.6372225219150377
2016-04-08,-0.6796876251220185
2016-04-11,-0.3250545380038497
2016-04-12,0.02570075012286251
2016-04-13,0.76254560899095
2016-04-14,-0.7202023141603526
2016-04-15,0.9671568444074232
2016-04-18,-0.33232982305236325
2016-04-19,-0.06707428846254307
2016-04-20,0.39309267808087445
2016-04-21,-0.30826817042606464
2016-04-22,0.9396876117686301
2016-04-25,-0.6797618130486189
2016-04-26,0.37224231507521627
2016-04-27,-0.260717197068927
2016-04-28,-0.909848230637345
2016-04-29,-0.44444470600531405
2016-05-02,0.6678624061304671
2016-05-03,-0.8079561042523996
2016-05-04,-0.6927456511317958
2016-05-05,-0.815384664354201
2016-05-06,0.6513332962065256
2016-05-10,0.6510026275138386
2016-05-11,-0.3828203787694828
2016-05-12,-0.09612722081495453
2016-05-13,-0.5955586765362768
2016-05-16,-0.8585068274313394
2016-05-18,-0.09523604812430615
2016-05-19,0.6670163324294027
2016-05-20,0.8714263435400674
2016-05-23,-0.8931779622981907
2016-05-24,0.5337091749742201
2016-05-26,0.95491132426246
2016-05-27,-0.11582926238345823
2016-05-31,0.0646151857994307
2016-06-01,-0.030852938560902658
2016-06-06,0.9192697247706383
2016-06-07,0.6749217008210922
2016-06-08,-0.2936876782085442
2016-06-09,-0.44377005362142447
2016-06-10,-0.9225122041629279
2016-06-13,-0.9482120199901583
2016-06-14,-0.497414164854355
2016-06-15,-0.24076809453471773
2016-06-16,0.9515352956659783
2016-06-17,-0.6466299149634884
2016-06-21,-0.5744675192387154
2016-06-22,-0.8215693454451182
2016-06-27,0.9524661791590542
2016-06-28,0.025865273852076015
2016-06-29,0.6378122791501876
2016-07-01,0.7156860422271594
2016-07-05,0.8287465701531236
2016-07-06,0.7463872449642953
2016-07-07,0.14676908023483742
2016-07-08,-0.14124858757062625
2016-07-11,0.4497960452517538
2016-07-12,-0.33177725674913694
2016-07-13,-0.15471400498679633
2016-07-14,-0.7532107969151821
2016-07-15,-0.5112492323126472
2016-07-18,0.8088747490755099
2016-07-20,0.40000354167035435
2016-07-21,-0.6800022857142868
2016-07-22,0.20640106192076776
2016-07-25,0.7245501750996248
2016-07-26,0.7914891398820659
2016-07-27,-0.5124184589775483
2016-07-28,0.9278894230769253
2016-07-29,0.8055555555555567
2016-08-01,-0.8262070164089574
2016-08-02,0.3695395513577354
2016-08-03,-0.42440437158470357
2016-08-04,0.9432474782931456
2016-08-05,0.14347794896097765
2016-08-08,-0.9601167523030708
2016-08-10,-0.6076167691588266
2016-08-11,-0.27884942445983174
2016-08-12,0.20306971415873393
2016-08-15,-0.7111603694521358
2016-08-16,-0.8941773886542386
2016-08-18,-0.2759643916913948
2016-08-22,-0.7942386831275563
2016-08-23,-0.28295669335967505
2016-08-24,-0.8377322515213054
2016-08-25,-0.8745806511231916
2016-08-26,-0.42078888711495777
2016-08-29,-0.925924211251467
2016-08-30,-0.7066153846153789
2016-08-31,0.7012658227848072
2016-09-01,-0.9490557324683037
2016-09-02,-0.5485733183713979
2016-09-06,0.802353638751856
2016-09-07,-0.6545754278277816
2016-09-08,-0.4334265342024502
2016-09-09,-0.7524129842548013
2016-09-12,0.1554348768017523
2016-09-13,0.031742961082461045
2016-09-14,0.013075163398688885
2016-09-16,0.9104522388059663
2016-09-19,-0.3950307109916153
2016-09-21,0.34558392355896367
2016-09-22,0.602800457475024
2016-09-23,-0.21063636363637145
2016-09-26,0.10666642963016035
2016-09-27,-0.5530751016995387
2016-09-28,-0.32440585681700707
2016-09-29,-0.9644473810721254
2016-09-30,0.6500951198805115
2016-10-03,0.4690056651057848
2016-10-05,-0.8648111332007996
2016-10-07,-0.7065235507246366
2016-10-10,-0.4241071428571374
2016-10-11,-0.0796889460154186
2016-10-12,-0.36994888735711334
2016-10-13,0.657142857142864
2016-10-14,-0.9181287347673253
2016-10-17,-0.3865441209265413
2016-10-18,0.8808358447376411
2016-10-20,-0.3109232116356452
2016-10-21,0.28846960520480636
2016-10-24,0.3567503871611156
2016-10-25,-0.34671159516216316
2016-10-26,0.38511974110033265
2016-10-27,-0.6083020746887985
2016-10-28,-0.9489999535518682
2016-10-31,-0.42514756714436786
2016-11-01,-0.48412005973054156
2016-11-02,-0.8034666599871648
2016-11-03,-0.8284420506592556
2016-11-04,0.22666533333333896
2016-11-07,0.4905590067971399
2016-11-08,0.18137852106176663
2016-11-09,0.5180114794959733
2016-11-11,0.8911584409223403
2016-11-14,-0.3518883182024693
2016-11-15,-0.21460640936803999
2016-11-18,-0.9949974937468674
2016-11-21,-0.9508950892857121
2016-11-22,0.9226828900552703
2016-11-28,-0.3458347352445128
2016-11-29,-0.9806376076332026
2016-11-30,-0.1343921056767763
2016-12-01,-0.7662709163346616
2016-12-02,-0.3975442673273229
2016-12-05,0.34482966706138707
2016-12-06,0.625632209106894
2016-12-07,0.9404773809523813
2016-12-08,0.8581078684254484
2016-12-09,-0.0957074469928521
2016-12-13,0.24396272228975635
2016-12-15,-0.8865727957396835
2016-12-16,0.959917915996159
2016-12-19,0.2538004338394692
2016-12-20,0.9353845656804327
2016-12-21,-0.8796619505581443
2016-12-22,0.11747530809367078
2016-12-23,0.9616724404812226
2016-12-27,0.305233326649641
2016-12-28,-0.23029790174083295
2016-12-29,-0.7795273420544809
2016-12-30,-0.3092789439184307
2017-01-05,0.735985294742579
2017-01-06,0.4650164609053465
2017-01-09,0.6734749062819956
2017-01-10,0.16633790083013297
2017-01-11,0.8484876492237117
2017-01-12,0.566405403135553
2017-01-13,0.9757857289432627
2017-01-17,-0.5670840787119913
2017-01-18,0.3462469733656275
2017-01-19,-0.24086032895375836
2017-01-20,0.15049498327759106
2017-01-24,0.926217404094564
2017-01-25,-0.1981981981981896
2017-01-26,-0.294593069919052
2017-01-27,0.9776830108069406
2017-01-30,-0.1379724432402674
2017-02-01,-0.9084359239419876
2017-02-03,0.3199920000000134
2017-02-06,0.9860945757997176
2017-02-08,0.6424564542293619
2017-02-09,0.2127236580517026
2017-02-10,0.2892595963425592
2017-02-13,0.9630330739299623
2017-02-14,-0.4601381206502732
2017-02-15,0.1448270868031421
2017-02-16,-0.921739096408306
2017-02-17,0.848969992511431
2017-02-21,-0.08524689766786096
2017-02-22,-0.8322579872156667
2017-02-23,-0.9054922557649748
2017-02-24,0.6894411866824935
2017-02-27,0.3291296621026263
2017-02-28,0.7154933584600618
2017-03-01,-0.6829221551878815
2017-03-02,-0.11775959856246729
2017-03-06,0.766112450939794
2017-03-07,-0.9030555682725029
2017-03-08,-0.34736489751064026
2017-03-09,-0.32861837455830706
2017-03-13,0.6658521693515587
2017-03-14,0.9801628263117134
2017-03-15,-0.5661221648423718
2017-03-16,-0.10612988620346214
2017-03-17,-0.8547288135593155
2017-03-20,0.08202268760908095
2017-03-21,-0.9395590451782464
2017-03-22,0.9736819886863801
2017-03-23,-0.32265217391303624
2017-03-27,0.9353058252853375
2017-03-28,-0.137321941334614
2017-03-29,-0.09359159404725681
2017-03-30,-0.7035514576707016
2017-03-31,0.17856967474749866
2017-04-04,0.7840471127488068
2017-04-05,-0.8501874061915703
2017-04-06,0.17347193877550757
2017-04-07,0.9458500827618758
2017-04-10,0.4661398390632609
2017-04-11,-0.19447654394410893
2017-04-12,-0.9142621245927972
2017-04-13,0.4392043010752692
2017-04-17,0.037591200743615945
2017-04-18,0.5986374080139802
2017-04-21,0.7324412478605794
2017-04-24,-0.11258474043104388
2017-04-25,0.9531995073891639
2017-04-26,-0.5745447966960108
2017-04-27,-0.5957030411449004
2017-04-28,0.7852942755189145
2017-05-01,0.2893916587452953
2017-05-02,-0.5801798019637853
2017-05-03,-0.8971128158844764
2017-05-04,-0.44738464215618945
2017-05-05,0.9659565667715431
2017-05-08,-0.656211613816324
2017-05-09,0.8867309308794405
2017-05-10,0.9241204419792182
2017-05-11,0.09375866699895735
2017-05-12,0.19926288983017362
2017-05-16,-0.23983817089616247
2017-05-17,-0.8663724718661139
2017-05-19,-0.8000012698432857
2017-05-22,-0.06208850726551913
2017-05-23,-0.89517248608794
2017-05-24,0.7214247512720978
2017-05-25,0.9694323310958829
2017-05-26,0.9237472351564536
2017-05-30,0.775665079370369
2017-05-31,0.513585014278748
2017-06-01,-0.1884086803803366
2017-06-05,0.8425812218618334
2017-06-06,0.31967059426228955
2017-06-07,0.6828389605204608
2017-06-08,0.6746598241950529
2017-06-09,-0.7716367142561291
2017-06-12,0.20893400254538708
2017-06-13,0.9893556862147996
2017-06-14,0.09572373247556033
2017-06-15,0.9732420069943915
2017-06-16,-0.6712996207332477
2017-06-19,-0.5505601691687274
2017-06-20,-0.4513678127127733
2017-06-21,0.8684464441889038
2017-06-22,0.5818054481993215
2017-06-23,0.07329712041885707
2017-06-27,-0.9513212795549324
2017-06-28,0.8915413323846757
2017-07-03,-0.8871539856231561
2017-07-05,-0.9273074909869654
2017-07-07,0.21413617463617682
2017-07-10,0.7447658711911772
2017-07-11,0.9907542372881372
2017-07-12,0.16743769335017875
2017-07-13,-0.408426737563737
2017-07-14,0.8222243827235435
2017-07-17,-0.10329490963183811
2017-07-18,0.8678594919962759
2017-07-19,-0.5160097389983965
2017-07-20,0.9003357965055019
2017-07-21,-0.0476220129212909
2017-07-24,0.8685571812706488
2017-07-25,-0.04803884365114973
2017-07-26,0.5528432645865846
2017-07-27,-0.22961048770190096
2017-07-28,-0.2778542156940947
2017-07-31,-0.7623470139464628
2017-08-01,-0.17307663415258923
2017-08-02,0.845281375343748
2017-08-04,0.9484623825786506
2017-08-07,-0.28084154469425326
2017-08-08,0.39892307692307705
2017-08-09,-0.17104034888703717
2017-08-11,0.11256282722513618
2017-08-14,-0.5256822868752166
2017-08-15,-0.03267568029059249
2017-08-16,-0.8040137938831822
2017-08-17,-0.9436362805683755
2017-08-18,-0.5951302409330781
2017-08-21,-0.13958707200219367
2017-08-23,0.9052025777536105
2017-08-24,-0.07803523547275622
2017-08-25,-0.8212134557726726
2017-08-28,0.5570160176828156
2017-08-29,0.6718462833459061
2017-08-30,0.9103584395030012
2017-08-31,0.09607909601504526
2017-09-01,-0.12306810649759918
2017-09-05,-0.22916834852518328
2017-09-06,-0.3694256325494163
2017-09-07,0.5858250276854817
2017-09-08,-0.7058814092494397
2017-09-11,0.997083877188782
2017-09-12,-0.4377968381522105
2017-09-13,0.5660421969588534
2017-09-14,0.9582498641553402
2017-09-15,0.9479424300975466
2017-09-18,0.22715899537048254
2017-09-19,-0.6530612244897981
2017-09-20,-0.2089150107416095
2017-09-25,-0.7107580619237732
2017-09-26,-0.15860485560693738
2017-09-27,-0.9144658391564296
2017-09-28,0.14285092323067464
2017-09-29,-0.17762887377919281
2017-10-02,0.4700882355993655
2017-10-03,0.9525182672158319
2017-10-04,0.19955698472450004
2017-10-05,0.3070668192662982
2017-10-06,0.17962038216559556
2017-10-09,-0.9405286671097626
2017-10-10,0.9920762219331246
2017-10-11,0.06976466557209801
2017-10-12,-0.14845717895155355
2017-10-13,-0.21413973833626837
2017-10-16,-0.060107035153579146
2017-10-17,0.8471532183254757
2017-10-18,0.24464797672156616
2017-10-19,-0.19329542273999828
2017-10-20,-0.8511259505349648
2017-10-23,-0.8875918887532043
2017-10-26,-0.15504634071573922
2017-10-27,0.061795790410832996
2017-10-30,-0.13323164848897506
2017-10-31,0.9286328438960768
2017-11-01,-0.8672057217790606
2017-11-02,-0.17434568763741448
2017-11-03,0.9712221093624582
2017-11-07,0.8608962301332828
2017-11-08,0.10554561717352015
2017-11-13,0.8417191397856776
2017-11-14,-0.6190463592837919
2017-11-15,0.7834369577461724
2017-11-16,-0.6491198830409388
2017-11-17,-0.7189370262341054
2017-11-20,-0.257673382800067
2017-11-21,0.911764659540259
2017-11-22,-0.7275988103953287
2017-11-24,0.6820702402957411
2017-11-27,0.8646244346260793
2017-11-29,-0.24746511627907083
2017-11-30,0.39935129764821264
2017-12-01,-0.4383269086082566
2017-12-04,0.19843446168627812
2017-12-05,-0.2285683469321763
2017-12-06,0.9805817846968684
2017-12-07,-0.9498655345668857
2017-12-08,0.35314916682765307
2017-12-12,0.9281324975186251
2017-12-13,-0.3445630469968002
2017-12-14,-0.8121386981606351
2017-12-15,0.8894385070261142
2017-12-18,-0.7180298163608552
2017-12-19,-0.8570124472799111
2017-12-20,-0.02233870967742224
2017-12-21,0.36294027565084586
2017-12-22,-0.8754033808169047
2017-12-26,-0.8070679347826085
2017-12-27,-0.7431495161966466
2017-12-28,0.8534999999999987
2017-12-29,-0.5787834798880767
2018-01-03,-0.6494848974382478
2018-01-04,0.38927745448032597
2018-01-05,0.748091603053426
2018-01-08,0.9433080986737701
2018-01-09,0.10350574715164669
2018-01-10,0.3714251836783031
2018-01-11,-0.18788154794939124
2018-01-12,-0.2433204747774474
2018-01-17,0.60215912813256
2018-01-18,-0.8060745398067084
2018-01-19,0.857324065909917
2018-01-22,-0.4530725849157017
2018-01-23,-0.6231559878126396
2018-01-24,-0.5779162464742856
2018-01-25,-0.8062489916980351
2018-01-26,0.7225545158186975
2018-01-29,0.7899761336515442
2018-01-30,0.19672524858585952
2018-01-31,0.6581822611576216
2018-02-01,-0.8875793800637487
2018-02-02,-0.4335643063249061
2018-02-05,-0.9773312891592423
2018-02-06,0.6462241048173588
2018-02-07,0.8065786489606144
2018-02-08,-0.9629620865722985
2018-02-09,0.19450823693902444
2018-02-12,0.6027043099305563
2018-02-13,0.9092507784681263
2018-02-14,-0.00915292921187109
2018-02-15,0.9914726744181035
2018-02-16,-0.3292703216640435
2018-02-21,-0.9601211962260862
2018-02-22,0.799844129358452
2018-02-27,-0.8036084132180228
2018-02-28,-0.8709675932806431
2018-03-01,-0.9075285194815785
2018-03-02,0.9836758983786481
2018-03-05,-0.04019442068887024
2018-03-08,-0.19487968045656215
2018-03-09,0.5686270985515551
2018-03-12,0.8358260916591426
2018-03-13,0.48140728218603707
2018-03-14,-0.6599534948889972
2018-03-15,-0.23404052512362614
2018-03-19,-0.29783159236174994
2018-03-20,-0.5220270213437794
2018-03-21,0.03510325097826121
2018-03-22,-0.8270693863434062
2018-03-26,0.5797890513348254
2018-03-27,-0.8523447494176343
2018-03-28,-0.3148363601710743
2018-03-29,0.5753853349107694
2018-04-02,0.002539705330649652
2018-04-03,0.3828222117768315
2018-04-04,0.921363739720577
2018-04-05,0.9402004429678875
2018-04-06,-0.44847407529968375
2018-04-09,-0.9556432067694399
2018-04-10,0.6423253668594395
2018-04-12,-0.9221013037481478
2018-04-13,0.09410402245418018
2018-04-16,-0.5868518371587578
2018-04-17,0.07246328802447763
2018-04-19,0.8507215687313144
2018-04-20,-0.9042041606121597
2018-04-23,-0.7761034574254823
2018-04-24,0.15874989426406938
2018-04-25,-0.13021618204804364
2018-04-26,0.933261643421269
2018-04-27,0.9266927380707298
2018-05-01,0.7631578947368418
2018-05-02,-0.25689043930013356
2018-05-03,0.43949826717476276
2018-05-04,0.6805071967930829
2018-05-07,0.40871204415568063
2018-05-08,-0.3211405714285677
2018-05-09,0.9540216177850304
2018-05-10,-0.7950417820710668
2018-05-11,-0.5959181611827352
2018-05-14,-0.9474474079935493
2018-05-15,0.13932043343653372
2018-05-16,0.3572418225918451
2018-05-18,-0.4704237228057615
2018-05-22,-0.781892318244173
2018-05-23,0.7157374921637074
2018-05-24,-0.04823235388452855
2018-05-25,0.607937478830622
2018-05-29,0.4705311451841271
2018-05-30,0.509323456123589
2018-05-31,-0.5161296826213956
2018-06-01,0.9679395214664382
2018-06-04,0.1706440366972436
2018-06-05,-0.20614683266417885
2018-06-06,0.7837197245848515
2018-06-07,-0.6942758830694288
2018-06-08,-0.860844854447872
2018-06-11,0.5789463729220309
2018-06-14,0.8304518518518519
2018-06-15,0.03129957622919664
2018-06-18,0.6983868954758155
2018-06-19,-0.46947284210526313
2018-06-20,0.6510504657315886
2018-06-21,-0.8756263479504373
2018-06-22,-0.8390141222396552
2018-06-26,0.8253535568359978
2018-06-27,-0.11425844609930255
2018-06-28,-0.29972470198198226
2018-06-29,-0.9056821372567044
2018-07-02,-0.701116805038649
2018-07-03,-0.8973680049631572
2018-07-05,0.42432730443789274
2018-07-06,0.3704048512437167
2018-07-09,0.9980998107890586
2018-07-10,-0.22877141137131632
2018-07-11,0.13245997088791467
2018-07-12,-0.2466569120598778
2018-07-13,0.8625344989985507
2018-07-16,-0.13580295409486
2018-07-17,0.7475391756827406
2018-07-18,0.6432417764776006
2018-07-19,0.3053501517836804
2018-07-20,-0.6756284898031404
2018-07-23,0.6360765965492897
2018-07-24,-0.3566238112644029
2018-07-25,0.8835984679884065
2018-07-30,-0.1895703057022628
2018-07-31,0.9610778799158044
2018-08-01,0.5680010000000024
2018-08-02,0.9664539506824147
2018-08-03,-0.09542530622456309
2018-08-06,-0.9741603736164478
2018-08-07,0.6733602118403087
2018-08-08,-0.5850529446558586
2018-08-09,-0.3684232785933087
2018-08-10,0.35571497601966867
2018-08-13,0.043046945323550946
2018-08-14,-0.910742074993451
2018-08-15,0.06072626661841008
2018-08-16,-0.6146621662753123
2018-08-17,-0.8304658245114295
2018-08-20,0.994088180252129
2018-08-21,0.6339437511261107
2018-08-22,0.5135751679014633
2018-08-23,-0.5661622192648774
2018-08-24,0.5370900543373157
2018-08-27,0.5348499888848034
2018-08-29,-0.6764705882352988
2018-08-30,0.5784924262299616
2018-08-31,-0.08792778534112554
2018-09-04,-0.8135399278312805
2018-09-05,-0.2583346440985862
2018-09-06,-0.6631423921887716
2018-09-07,0.3652174210100188
2018-09-10,0.9294723885562202
2018-09-11,0.3940815489676606
2018-09-12,0.7169689530685917
2018-09-13,-0.12831103446484723
2018-09-14,0.6059211868275571
2018-09-17,0.05337478281994326
2018-09-18,-0.30287313821918166
2018-09-19,0.8994877438524388
2018-09-20,-0.20948585355172192
2018-09-24,0.29511920925605806
2018-09-25,0.10864636336195614
2018-09-26,0.32550860719874586
2018-09-27,-0.8484448146305479
2018-09-28,-0.5172021314232395
2018-10-01,0.857556235590105
2018-10-02,-0.7885826956374749
2018-10-03,-0.5042208381507426
2018-10-04,-0.49050749862446497
2018-10-08,-0.8336881219851059
2018-10-09,0.41054268745360156
2018-10-10,0.027056369785794666
2018-10-11,-0.5158859622216464
2018-10-12,0.35671510857470196
2018-10-15,0.1556061022988074
2018-10-16,0.89564002642008
2018-10-17,-0.29230849339985376
2018-10-18,-0.7724966765687294
2018-10-19,-0.19554467546081353
2018-10-22,0.8036645091693616
2018-10-23,0.7884454663068
2018-10-24,-0.7039011223944415
2018-10-26,0.45864579569236436
2018-10-29,-0.19167491933680855
2018-10-30,-0.0230175904787711
2018-11-01,0.4569050671967485
2018-11-02,0.32690107400676893
2018-11-05,0.6295217076700443
2018-11-06,-0.2179417781274626
2018-11-07,0.4181144857697141
2018-11-08,-0.3523012918525474
2018-11-09,0.20410033038673894
2018-11-12,-0.9032942386831286
2018-11-13,0.04479999999999791
2018-11-14,0.3755070916271445
2018-11-19,-0.9149214744618069
2018-11-20,0.715693538461542
2018-11-21,-0.8993649681528606
2018-11-23,-0.9531388925267334
2018-11-26,0.9792620316243839
2018-11-27,0.4694581151832451
2018-11-28,0.8649074091616509
2018-11-29,-0.5924555785045927
2018-11-30,0.8320847076461824
2018-12-03,-0.07285834438990087
2018-12-06,0.480145294912928
2018-12-07,-0.9706946239060222
2018-12-10,0.8709174734972599
2018-12-11,0.09380150753768597
2018-12-12,-0.5733322666714177
2018-12-13,0.8783938828840558
2018-12-14,-0.796158788773998
2018-12-17,-0.5838691951737801
2018-12-18,-0.6259802984267373
2018-12-19,-0.6259388384835883
2018-12-24,-0.980311922198983
2018-12-27,0.41557992636185903
2018-12-28,0.7341566269452425
2018-12-31,0.08100032939055538
2019-01-03,-0.5041620233619089
2019-01-04,0.9593974715757759
2019-01-07,0.8125313816399726
2019-01-08,-0.01942346725415314
2019-01-09,0.17373497401078722
2019-01-10,0.9382353168252592
2019-01-11,0.7614150615067121
2019-01-14,-0.9058892456869049
2019-01-15,0.38881118881119203
2019-01-16,-0.39999941176643744
2019-01-17,-0.1401420815360039
2019-01-22,-0.4527984000000004
2019-01-23,-0.07884423152059403
2019-01-24,0.6986098268715882
2019-01-28,0.7775491477351714
2019-01-29,0.6745549744415927
2019-01-30,0.9562349518101121
2019-01-31,0.4829152952974676
2019-02-04,0.6408333525831937
2019-02-05,0.7860625967248267
2019-02-06,-0.6287712463870304
2019-02-08,0.6312828875514583
2019-02-11,-0.4222195884822412
2019-02-12,-0.4889148191365196
2019-02-13,-0.2757651282972623
2019-02-14,-0.03985878670605424
2019-02-15,0.9414682213027119
2019-02-19,-0.9439932718120476
2019-02-20,-0.02465412647543375
2019-02-22,0.18636910639873813
2019-02-26,0.3731105537088755
2019-02-28,0.9738868477220645
2019-03-01,-0.6204862905359761
2019-03-04,-0.6818747478035595
2019-03-05,-0.07338168107254656
2019-03-06,-0.4803328651685334
2019-03-07,-0.5521504535165267
2019-03-08,0.7010297427988327
2019-03-11,0.933206957504238
2019-03-12,-0.3437941335067974
2019-03-13,0.3476860577890865
2019-03-14,-0.5295768022208436
2019-03-15,-0.7789718658496406
2019-03-18,-0.5925585185502185
2019-03-19,-0.18496096796796635
2019-03-20,0.6839701937888167
2019-03-21,0.39250075937405304
2019-03-22,-0.8795467277878126
2019-03-26,0.1457998140645455
2019-03-27,0.8497898816341302
2019-03-28,0.3460758201227146
2019-03-29,0.8939910724302765
2019-04-01,0.9949482291339801
2019-04-02,-0.2805784897288622
2019-04-03,0.03111161481397646
2019-04-04,0.3553238875363914
2019-04-05,0.7717718860000558
2019-04-08,-0.48507577202766144
2019-04-09,0.0018580722245520385
2019-04-10,0.1548324225865218
2019-04-11,0.15101954185668134
2019-04-12,-0.6601555862413824
2019-04-15,0.5121948839975043
2019-04-16,0.6809348249027249
2019-04-17,-0.1392031999999972
2019-04-18,0.37917559759449754
2019-04-22,-0.9249987673636796
2019-04-23,0.6548218093733101
2019-04-24,-0.8196722543222339
2019-04-25,-0.758700509435817
2019-04-26,-0.4842451616512829
2019-04-29,0.5749353408949958
2019-05-01,-0.4094132885804211
2019-05-03,0.7591475904888604
2019-05-06,0.388834602286199
2019-05-07,-0.6763015374477556
2019-05-10,0.17252931323282808
2019-05-13,-0.37013934154204825
2019-05-15,0.8636995827538264
2019-05-16,-0.1866662518527806
2019-05-17,-0.6831826702832797
2019-05-20,0.8809284828572232
2019-05-21,0.5915484154929609
2019-05-22,-0.8437482910149228
2019-05-23,0.39924498170189776
2019-05-24,-0.6651831390767042
2019-05-28,-0.7622349650349697
2019-05-30,-0.54198135307122
2019-05-31,-0.6357374263424156
2019-06-04,0.947112038970081
2019-06-05,0.005303281756863028
2019-06-06,-0.09782826086956325
2019-06-07,-0.7275187023415561
2019-06-10,-0.023958355664113053
2019-06-11,-0.02703042366920569
2019-06-13,0.7320718998160408
2019-06-14,0.4463983999999982
2019-06-17,0.6904943515362496
2019-06-18,-0.6420354507243604
2019-06-19,0.6005928469395245
2019-06-20,-0.38009508052366103
2019-06-21,0.9041933289072022
2019-06-24,0.08264652345758931
2019-06-25,-0.9076907560841787
2019-06-26,-0.7437009857612277
2019-06-27,0.9783765960571243
2019-07-01,-0.739006948690534
2019-07-02,-0.32756229788990965
2019-07-03,-0.8895183353529347
2019-07-08,-0.0640624064244753
2019-07-10,0.9931068965517192
2019-07-11,-0.017541243457221745
2019-07-12,0.894178037194037
2019-07-15,0.8075333721408825
2019-07-16,0.5892882334138698
2019-07-17,-0.3911256137846614
2019-07-18,-0.14507696851311846
2019-07-19,0.3333358302098905
2019-07-22,-0.6256266492629718
2019-07-23,0.8963193113037684
2019-07-24,0.6991164986621358
2019-07-25,-0.2692752685612973
2019-07-26,0.44569683963203516
2019-07-29,0.965690194596462
2019-07-30,0.8032191413237898
2019-07-31,-0.010968610621055313
2019-08-01,-0.6734693877550992
2019-08-02,0.45170209396158373
2019-08-05,-0.09122898032200134
2019-08-06,0.4814836762721137
2019-08-09,-0.533984013576714
2019-08-12,-0.9259287221714579
2019-08-13,0.7633128461902131
2019-08-14,-0.6043218125062875
2019-08-15,-0.1828197716382484
2019-08-16,0.2604471211082278
2019-08-19,0.6737346268603129
2019-08-20,-0.4197802197802158
2019-08-21,0.14946516951496272
2019-08-22,0.0947053658040603
2019-08-23,-0.9213392330383517
2019-08-26,0.9885000495687523
2019-08-27,-0.3943810930576089
2019-08-28,0.32793251815032703
2019-08-29,0.3740733813455932
2019-08-30,-0.6597776427703517
2019-09-03,-0.3609694637569391
2019-09-04,-0.6821592625305302
2019-09-05,0.9508391336094153
2019-09-06,0.020137561367373245
2019-09-09,0.1302475281402382
2019-09-10,1.0
2019-09-11,0.8241567988141297
2019-09-12,-0.6769241758241765
2019-09-13,-0.8156368715083873
2019-09-16,-0.47603951760345026
2019-09-17,0.6902498857550359
2019-09-18,-0.6137879310344784
2019-09-19,0.13548343392441195
2019-09-20,-0.4402715814969173
2019-09-23,-0.32550836956804574
2019-09-24,-0.9380810113519091
2019-09-25,0.9472702448210922
2019-09-26,0.9057209006036749
2019-09-27,-0.3186372966373331
2019-09-30,0.20965615650816088
2019-10-01,0.6304997291053763
2019-10-02,0.41762148969634244
2019-10-04,0.0014895644793571704
2019-10-07,0.8321650866657051
2019-10-10,-0.17921918029709777
2019-10-11,-0.4941475409836143
2019-10-14,0.7215402802101563
2019-10-15,0.2823106142097016
2019-10-16,0.09266900836776716
2019-10-17,-0.21908761487242773
2019-10-18,-0.519482130206408
2019-10-21,-0.28755264878865305
2019-10-22,0.26470820226176073
2019-10-23,0.3903972960362195
2019-10-24,0.33248633184996707
2019-10-25,0.889642667453524
2019-10-29,-0.6921486910994739
2019-10-30,0.14285714285714055
2019-10-31,-0.3599955333370559
2019-11-01,0.05089663039426829
2019-11-04,0.29495161472855347
2019-11-05,-0.7022998584577543
2019-11-06,0.9770867430441851
2019-11-07,0.1157285570846063
2019-11-08,0.8709754162562927
2019-11-11,-0.1404754536698601
2019-11-12,0.8609839825971278
2019-11-13,-0.8331862478677088
2019-11-14,0.17841149827743716
2019-11-15,0.716216535792207
2019-11-18,0.1035492299268964
2019-11-19,0.9228860669982745
2019-11-20,-0.5442823013099299
2019-11-21,-0.7573092318983419
2019-11-22,-0.4472701553683936
2019-11-26,-0.566667857142864
2019-11-27,0.014930886580862971
2019-11-29,0.2978714067439011
2019-12-02,0.6072800945642606
2019-12-03,0.40209108939969995
2019-12-04,-0.9281376528319738
2019-12-05,-0.12971075434830154
2019-12-06,-0.4523258529023966
2019-12-09,-0.05016115261472934
2019-12-10,0.6689970770629146
2019-12-12,0.3564645085444606
2019-12-13,-0.2904443190370501
2019-12-16,0.8000961629559493
2019-12-17,-0.35625245442964965
2019-12-18,0.7172119417951248
2019-12-19,0.45700096618357144
2019-12-20,-0.156912032649542
2019-12-23,0.5353888426311427
2019-12-26,0.28752554344244247
2019-12-27,-0.07174146030751194
2019-12-30,-0.4488331578016812
